이름,내용,평점
죽탱이,MMA 격투 성장기,8.39
21세기 밴드 (21C BAND),음악과 사랑 이야기,7.90
가영실장,병원 실장의 일상,9.60
지렁이 수프,이상한 그리고,9.47
런어웨이,초능력자들의 이야기,9.81
하루땃따,시트콤 같은 일상툰,9.93
검의계승자,판타지,9.74
아빠는 N살,아빠 4컷 그림일기,9.91
미필은 노하이,대한군필 만세!!,9.87
전직 히키코모리 갱생툰,한 번 잡숴보슈,9.57
우주동물원,우주동물원,9.78
둘이서 아싸 라이프,아싸로 살아가자,9.54
부부사기단 늬우스,금요일 연재,9.78
김작가의 오춘기 그림일기,오춘기를 앓고있어요,9.84
나홀로 짠,혼술 이야기,9.88
나는 마요 집사로소이다,쉽지 않은 집사생활,9.87
모두의 단편선,모두가함께하는웹툰,9.85
오늘의 난,"오늘의 난, 난그림",9.44
오디네리 피플,"우리집, 당신집, 누군가의 집. 그저 평범한 가족이야기!",9.57
신혼식물,원시식물인간,9.85
우아툰 (우리 아이들 생각)_사랑하니까 시즌5,우리 아이들 생각,9.62
다람쥐 란란,마이웨이 일상,9.88
고인물 연애,15년차 커플 일상,9.83
핫캣일기,느긋한 열정 고양이,9.83
똥꼬발랄댕댕이,개알못아줌마이야기,8.85
실험학교,변형자들의 학교,9.90
문어숙희숙회,문어숙회를 위하여!,9.74
찔레꽃 그너머,임진왜란과 서민의삶,9.80
와더풀하우스 신혼생활,갑자기 결혼하기!,9.43
선연,다문화 이야기,9.50
산군대잔치,강아지 산군의 일상,9.87
우리는 그래서 만났잖아_찌맥툰,찌맥툰,9.84
예열온도 300도,2009년 정복기,7.99
소중한 하루를 살다,소중한 일상 만들기,9.76
고양이와 집사,특별한 반려동물,9.74
나태한 마왕은 신과 싸우기로 결심한다.,신앙과 신념의 싸움,9.88
내일은 낯선 행성을 걷는다,밤 9시의 산책,9.80
무선혜드셋 정보툰!!,잡상식을 재미있게,9.89
카페 타이쿤,언니의 카페이야기,9.80
너구리네 육아일기,육아일기,9.78
내 담당일진!,일진과찐따의로맨스,8.25
너만 바라 봄,캠퍼스 로맨스,9.48
어둠의 일상툰,어둠의 일상,9.71
페이탈 레시피,오감 지배 스토킹,9.59
헤이쟝,고양이 쟝의 일상,9.79
뱀파이어의 연금술,연금술사와 뱀파이어,9.72
호호도시농부,초보농부무화과화과자,9.60
로로의 일본생활 다이어리,일본 생활 다이어리,9.86
안녕오존,오존의 일상개그툰!,9.87
일상견문록,해외 여행 일상툰,9.89
교수도 사람이다,교수도 사람입니다,9.79
긁지 않은 복권,날씬 복권,9.19
소환진이 좀 이상해 보이는 건 기분 탓이겠지,판타지!,9.94
가족입니다.,가족 이야기,9.31
고고고,집사가 되어라!!!,9.90
도개걸윷모,구해야한다.,9.53
킬링타임,일상 블랙코미디,9.93
집에서 뒹굴뒹굴,집에서 애둘 키우기,9.78
달링은 넷우익,혐한하는 일본인남친,9.67
두 번째 영웅,복수와 음모...,9.61
전셋집 꾸미는 만화,셀프 인테리어 만화,9.86
죽 쑨 만화,아싸 대학생의 일상,9.83
만월에 핀 연꽃,고려시대 사랑이야기,9.68
용사·마왕·우주인,낙제 용사 이야기,9.85
가수마왕,노래 부르는 마왕,9.36
일상과 망상,블랙코미디,8.96
낯가리는 관종,낯가리는 관종일기,9.83
HAPPY BIRTHDAY,로맨스판타지,9.62
너는 나의 2%,소꿉친구 병맛로맨스,9.90
파운드캣,식빵을 닮은 고양이,9.89
제목이 7080 만화,7080 이야기,9.89
후손들의 이야기,SF,9.84
외고생은 왜 고생?,외고생의 실화 일상,9.55
158동 진상부부,부부의 진짜 일상,9.48
연하는 별로,서린과 연하남과 썸,9.71
"뭐, 좀 느리면 어때",어른이 일기,9.47
썸데이,언젠가 이루어 지길,8.39
북한의 아이,복희의 성장 스토리,8.99
THE,자신을 찾을 이야기,9.80
국밥소녀,국밥에 미친 소녀,9.36
우당탕 입큰이,입만 살았네,9.78
중딩의 학교생활,중학생의 일상,8.33
순임이,엄마의 엄마 이야기,9.91
강호,두목의 아들 최강호,8.80
그때로 돌아갈 수 있다면,추리 범죄 스릴러,9.05
만렙 할배,할아버지 판타지,9.83
예수쟁이 다이어리,예수쟁이의 일상,9.27
그래도 하루는,희노애락 투병일기,9.88
견생＆묘생,견생 묘생 이야기,8.52
양궁부 입니다,양궁부 일상,9.72
아빠를 위하여,아빠와의 1년,9.91
이래봬도2학년,초등학교 이야기!,9.77
결혼잔혹사,10년차 맞벌이부부,9.71
외국 in 한국,영국인의한국생활,9.86
감성 다방,휴머니즘 귀농 카페,9.22
무적철인 반대가리,올드스쿨 로봇액션,9.00
우당탕탕 휘삐 생존기,n잡러 한국어 선생,9.84
남편봇과 사는법,로봇같은남편과 살기,9.92
난봉꾼의 메타픽스,장르를 지켜라,9.83
카오스이론,오브젝트헤드 판타지,9.91
가스맨,엥 내가 히어로?,9.26
제줌마의별하루,제주아줌마의 하루,9.73
신령의 아이,딸 바보 신령님,9.65
사자머리와호깜대,뻔뻔한 냥이들의일상,9.74
푸들가족,독립한 반려동물,9.56
좀비 플래너,좀비 플래너,9.81
원래부터 아무것도 없었던 세계,원더랜드는실존하나요,9.86
댕댕천국,강아지별 고군분투기,9.84
제제와 함께,장애아이와 형제,9.79
클로지오,기억조각모음,8.59
낮잠 자는 사람들,창작인밀착일상툰,9.89
자작 보드게임 동아리,자작 보드게임 만화,9.79
기억 속 너에게,판타지 성장물,8.97
저승의 사원이 되어주세요,저승에서 일해주세요,8.33
Baby Boy Brother,연하남 9인 공략기,9.76
나만 모르는 이야기,혼자인사람들의이야기,9.71
치와와의 오후,알콩달콩 연애툰,9.88
휨프리,언어의 진화,8.96
백일몽화원,매력세계관 판타지,9.71
어쩌다 주짓수,어쩌다 주짓수 코치,9.67
"나랑, 아니면",시아와 하루이야기,8.51
당신의 쓸모,우리는 식물성이야!,9.29
이딴여행,여행포토툰,9.79
봄과 여름 사이,과잉보호하는 동생,9.54
이상기온,아슬아슬 밀당로맨스,9.70
고로나 바이러스,썩은 연애 구출기,8.75
좀비탈출록 좀순,좀비 탈출 시트콤,9.47
막내는 다 알아요!,다섯 가족의 일상,9.79
싱글맘맘이야,싱글맘의 생생 실화,9.94
맹랑맘마,오리지널 일기,9.79
악마법소녀,마법과 내뱉은 말,9.94
지극히 평범한 생활,!! 일상툰 !!,9.89
드라코 하트 (Drache Heart),몬스터 레벨업스토리,8.69
우리들은 미미미,음식 일상툰,9.86
나의 카이생활,카이스트 일상툰,9.75
유아독존,주인공의 성장극,6.21
소심인사회,소심인사회,9.88
마피아게임에 어서오세요,살인 마피아게임,9.67
과학고 생존일지,과학고에 간 문과생,9.82
나를 양지바른 곳에 묻어줄래?,운명을 돌파하라,9.21
연은 그려낸다,초능력 두뇌싸움,9.68
H O P E,인류를 위한 임무,9.68
어느날의 인어,인어와의 로맨스,8.82
여대생존기,재수후 들어간 여대,9.90
육아도 경력이 될 수 있다면,육아 에세이툰,9.72
CMYK,의식의 흐름 만화,9.17
곰팡남녀,보통의 경계,9.90
별을 향해,별 여행 이야기,9.32
카르엘,인어와 칼과 흉터,7.70
산으로 가는 부부,산에서 일하면,9.84
도원향,우주경찰서 도원향,9.88
휴르르의 개그만화 (러시아워),해외창업개그만화,9.90
숲의 향연,완결.,9.74
김치걸 밀크티보이,국제결혼일상툰,9.86
우리가 되기 위해서,엄마의 자취를 좇아,9.28
계약 연애 제1수칙,절대 좋아하지 않기,9.75
남사친의 정의,너희 둘 사귀어?,9.78
한지붕 새가족,꿀잼 가족 시트콤!,9.65
육식 토끼,소심 토끼 반항기,9.81
띵동! 도토리에요,너튜브하는 마법사,9.78
별이도령,저승왕 아들 이야기,9.61
시나브로,모르는사이에 조금씩,9.81
전지적덕후시점,나의 덕질 라이프,9.69
라떼는 말이야,흑역사 파티원 모집,9.75
맹랑맘마 memory,리메이크 일기,9.76
해체부대,요즘 군대 이야기,9.56
살아서 만납시다,PTSD일기,9.79
24시간,살인마를피해탈출하라,9.68
겨울살이,집순이웹망생의 일상,9.73
어스,히어로에게 맞선다.,9.69
테일 오브 빌런,동화속악당의 이야기,9.89
소라비의 잡화점,#로판 #남장여자,9.84
우리집 강아지는 복슬강아지,댕댕이와의 일상:3,9.87
기억의 해석,난이의 성장 이야기,9.27
언베일,미스터리 로맨스,8.84
류마데시스,다크 액션 판타지,8.84
얘! 알바야,편의점 알바 일상,9.85
강한누나,남장누나,9.58
불손한 친구들,"일상, 개그툰",9.87
로판도 식후경,밥 먹고 합시다!,9.91
쪼꼼한 일기장,장애아 육아 공감,9.69
세 번째 뜨는 해,감정을 들키기 싫어,7.96
디제이구름 단편집,.,9.66
아타나시아,마법과 불사,9.72
새벽녘 그늘에 피어난,어우러지는,9.82
바닥에 뻗어버린 60세,요양보호사의근무일지,9.87
종말의 아신,종말을 막아라,8.35
꽃도둑,부활꽃을 훔치자!,9.00
방구석수필,실화 단편 에피소드,9.93
매일 고백,매일 고백하는 만화,9.79
일월의 선화,판타지,9.82
5분안에 남친만들기,5분루프 로맨스릴러,9.00
다시 한 번 리유스!,두번째 청춘,9.71
나에게도 꽃향기가,살인마 사랑이야기,9.79
라이즈(RISE),너의 마력은 루시퍼,9.80
누나미워!,누나와 동생의 일상,9.90
꼬밍 베이커리,"소원의 빵, 꼬밍",9.61
"청월, 물에 비친 달",경화수월(鏡花水月),9.05
카나와 초나의 독일,독일 생존기,9.88
어디사세요,맞춤형아파트프로젝트,9.82
기행 공포단편집,공포만화 단편선,9.89
살인귀,살인귀들,9.13
너와 가까워지는 거리,소프트BL,9.73
은하!,SF모험만화,9.88
식봉툰,일상적인 이야기,8.61
데드리프트,리프터를 위한 웹툰,9.73
나는 0대생,공대생 일상툰,9.81
소소캣다이어리,"엉뚱, 사색, 코믹",9.72
나락,나락으로 갈수없어,9.02
두양고 찬양,성장 로맨스,9.36
위시(WISH),뱀파이어소녀와아저씨,9.72
일상중의 일상툰,상중의 이상한 일상,9.59
찬숙씨의 봄,따뜻한 우리 이야기,9.87
재워주는 사이,재워드릴테니재워줘요,9.28
사실은 잡지사가 되고 싶었습니다,66100 이야기,9.56
신과의 대화,즐거운 이야기,9.75
만신비망록,퇴마사 이야기,9.87
우주n은하,우주에서 온 소녀들,9.87
배달의가족,배달식당 생존기,9.41
옆집에 그녀가 산다,옆집의 특별한그녀!,9.58
끄트머리 도회,어느 디스토피아세계,9.67
좌충우돌 미대생존기,미대생의 일상,9.65
누루누루 음식만화,음식 탐닉 일상툰,9.92
드림걸즈,그녀들의 농구이야기,8.98
여우말고 알바생?!,일상 로맨스 판타지,9.63
여신님의 키링남은 불로불사!?,여 키 불,9.48
B연애주의,연애는 선택,8.85
너의 뒤에서,사랑따위...,9.68
열여섯과 스물 그 사이,툭탁 격정 로맨스,9.02
노른자들,늘 혼자들의 이야기,9.83
오 사장님은 상사병,오사장의상사병고치기,9.69
이렇게 음침한 내가 너를 좋아해도 될까?!,좋아하게 해줘!,9.71
힐러인데 마왕!?,세계관 최강 힐러,9.84
별을 품은 꽃,로맨스일상,9.55
사랑비,"사랑비,첫사랑",7.87
고냥고냥,취준생 고냥이,9.90
루저들의 산티아고,리얼배낭여행기,9.85
랭커앤랭커,초능력학원물,9.79
저승파견고용직,기묘한 러브액션로망,9.90
딴 짓이 제일 재밌어,딴 짓 찾아 놀기,9.81
이프위,불과 물의 연애,9.84
서울아포칼립스,좀비아포칼립스 만화,9.68
화분,그런 세상 이야기,9.92
퇴마도시,도시의 요괴사냥!,9.23
에이전트,대한민국비밀특수요원,9.69
루이와 졸개들 R,나만알고싶은 양아치,9.78
새벽인력,꿈꾸는 일용직,9.77
원포인트,배구를통한성장드라마,8.67
막장동화에 어서오렴! (feat.동화원정대),막장 판타지 동화!,9.31
달토끼,달에서 온 무언가,9.72
가족이되는과정,아기천사가 찾아왔다,9.87
미가식당,뜨거워지는 열혈!,9.31
오마이갓,신을 뽑는 오디션,9.59
백발의 유성,액션/로맨스판타지,9.01
시바하루 (시바견의 하루),기숙사 일상물,9.68
사이코 엔젤,감정없는 천사,9.34
휴지통,잔부스러기같은 행복,9.88
아틀레냐 비바체,치유계 개판물,9.89
신들의 킬러텔,신을죽이고도망친킬러,9.76
틈,틈을파고드는 이야기,9.85
조의 괴기만화,괴기한 만화,9.79
게임에 접속했습니다!,게임하는 고딩들,9.78
나나유치원,액션 배틀물,9.56
지렸다,28세 아기,9.56
우리 카페 사장님이 이상하다,이상한 카페 알바기,9.93
[GL] 유빈이는 기여운데,본격 여고 로맨스,9.64
결혼하고 싶지 않았는데 못하게 되었다.,안하느냐 못했느냐,9.85
안녕 나의 수집,오늘은 뭘 비울까?,9.89
"안녕, 나의 길고양이",길고양이와 공대생,9.69
페카텀,신과 사제의 이야기,9.78
졸렬☆다이나믹,우당탕탕 블랙코미디,9.94
리드래프트,야구에 만약이있다면,9.81
"여기, 제일무학고등학교",남장여주 로코학원물,9.83
분노의 난임일기,난임 정복 웹툰!,9.77
모지리전,바보 무리 기록본,9.27
시크릿 하숙집,판타지 시트콤,9.78
황녀의 기사,판타지 드라마,9.90
질주,초능력 판타지,9.83
엔딩 페어리 메이커,내게 빙의한 아이돌,9.25
애쉬그레이,판타지,9.90
나의 여름방학,영수의 여름방학,9.40
천사의 학교,천사반 살아남기,9.34
어시스턴트입니다,어시스턴트의 일상,9.78
코실룩코실룩,토끼는 마성의 동물,9.73
로단테 퀘스트,판타지 활극 드라마,9.88
목소리의 그늘,"성우, 성장 로맨스",9.90
1년 동안 잘 부탁해!,우당탕탕 기숙학교!,9.52
그들이 사는 세상,과고에서 1등하기,8.88
땅거미들,미아들의 생존일지,9.69
8470원만 주면 KISS 해주는 놈,인터넷소설 세상으로,9.60
거울 속 정원,거울 속 정원,8.57
이름 없는 나에게,윤하와 주변 이야기,9.42
"다시, 닻별",엉뚱발랄 일상이야기,6.01
고백점프!,고백으로 혼내주기?,9.72
여우신부&뱀신랑,뱀과 구미호 이야기,9.74
오사와 오폐수들,오레오사냥꾼의 일상,9.93
이클립스,중세풍 판타지,9.85
두부소녀,손대면 두부로 변해,9.44
오늘도 먹음머금,밥 먹는 두 친구,9.89
베텔게우스,별과 시간과 사람,9.58
클러치샷,길거리 농구 TV쇼,9.46
김네몽로그,귀여운엄마 김네몽,9.70
매우의 방콕 생활일기,태국 방콕 일상툰,9.86
에고 인 휴고,지킬 박사의 후손,9.81
악몽친구?,악몽.. 찢는다,8.32
개구멍을 타고 온 그대,"꿈,청춘 그리고현실",9.29
한국 고대의 신화,고대 신화 이야기,9.80
정령왕즈,정령왕들이 조잘조잘,9.88
우리 어린이집 이야기,어린이집 일상이야기,9.80
칼람의 신들,수메르 신화,9.89
본격 북유럽 신화 만화,신화 설명하는 만화,9.90
채똘일기,채똘일기,9.62
세상은 그대를 중심으로,운명의 중심 호인,9.52
봄이 자주 오는 이유,편지로 이어진 운명,8.88
새하얀 나비다드,좌충우돌하는 학생들,9.78
나의 밤을 부탁해,동거 로맨스,9.89
티레시아스,판타지 순정만화,9.82
배반을 모르는 푸른 꽃을 위하여,로맨스 판타지,9.66
범고래아가씨,달달한 연애일상,9.68
아라군주,범고래 판타지 액션,9.61
"네, 아직 아파요",정병러 그림 일기,9.50
봉산코믹스,비극과희극 단편선,9.78
학교가는 고등어,요즘애들이란 이상해,9.86
거짓말쟁이 윗치,거짓말쟁이 윗치,9.77
던전 헌터 그 녀석들,던전의 기묘한 헌터,9.88
부서진 평시,변호사의 추리소설,9.83
임신해서그래,임산부 공감툰,9.53
매그니피센트,위대한 우리들,9.82
창귀,사람이 사라지는 숲,9.81
충견,괴물과 싸우는 괴물,9.18
[일상 로맨스] 그냥 선생님,선생님의 일상로맨스,9.92
이데아 프로젝트,능력자 판타지,9.83
제 4의 벽,우린 만화 캐릭터다,9.40
그 냉장고 안에서는,냉장고 속에서,9.75
불쌍한놈,죽지 않는 소년,8.55
망했다 튀어라,만화,9.85
